Data Name,TTA 0.05 g/L_Replicate_1_Time_0,TTA 0.05 g/L_Replicate_2_Time_0,TTA 0.05 g/L_Replicate_3_Time_0,TTA 0.05 g/L_Replicate_1_Time_2
2-PG(KEGG::C00631),1.394526572,0.8781363,0.727337128,0.937026958
4OHPro(CHEBI::18095),0.845459417,1.139266647,1.015273936,0.899434107
6-PG(INCHI::BIRSGZKFKXLSJQ-SQOUGZDYSA-N),1.570089168,0.766559642,0.66335119,0.66764807
